{"cameraMode":{"drawMode":0,"name":"Shaded","section":"Shading Mode"},"sceneLighting":false,"audioPlay":false,"sceneViewState":{"m_AlwaysRefresh":false,"showFog":true,"showSkybox":true,"showFlares":true,"showImageEffects":true,"showParticleSystems":true,"showVisualEffectGraphs":true,"m_FxEnabled":true},"in2DMode":false,"pivot":{"x":-0.20166707038879395,"y":-1.0331535339355469,"z":9.133150100708008},"rotation":{"x":-0.19656820595264436,"y":-0.037337757647037509,"z":0.007506577763706446,"w":-0.979762852191925},"size":1680.863525390625,"orthographic":false}