{"cameraMode":{"drawMode":0,"name":"Shaded","section":"Shading Mode"},"sceneLighting":true,"audioPlay":false,"sceneViewState":{"m_AlwaysRefresh":false,"showFog":true,"showSkybox":true,"showFlares":true,"showImageEffects":true,"showParticleSystems":true,"showVisualEffectGraphs":true,"m_FxEnabled":true},"in2DMode":false,"pivot":{"x":522.5325317382813,"y":293.4589538574219,"z":-16.07525634765625},"rotation":{"x":0.003104469971731305,"y":0.9947190880775452,"z":-0.0976046621799469,"w":0.03164400905370712},"size":239.79598999023438,"orthographic":false}