{"cameraMode":{"drawMode":0,"name":"Shaded","section":"Shading Mode"},"sceneLighting":true,"audioPlay":false,"sceneViewState":{"m_AlwaysRefresh":false,"showFog":true,"showSkybox":true,"showFlares":true,"showImageEffects":true,"showParticleSystems":true,"showVisualEffectGraphs":true,"m_FxEnabled":true},"in2DMode":false,"pivot":{"x":1.719186544418335,"y":0.32233309745788576,"z":0.8396828770637512},"rotation":{"x":-0.008844874799251557,"y":0.8873808979988098,"z":-0.46063873171806338,"w":-0.017038961872458459},"size":3.4650471210479738,"orthographic":false}