{"cameraMode":{"drawMode":0,"name":"Shaded","section":"Shading Mode"},"sceneLighting":false,"audioPlay":false,"sceneViewState":{"m_AlwaysRefresh":false,"showFog":true,"showSkybox":true,"showFlares":true,"showImageEffects":true,"showParticleSystems":true,"showVisualEffectGraphs":true,"m_FxEnabled":true},"in2DMode":false,"pivot":{"x":1.288984775543213,"y":5.19948673248291,"z":-0.347969651222229},"rotation":{"x":0.5509477853775024,"y":-0.0012518027797341347,"z":0.0008264308562502265,"w":0.8345389366149902},"size":1.4883333444595338,"orthographic":false}