{"cameraMode":{"drawMode":0,"name":"Shaded","section":"Shading Mode"},"sceneLighting":true,"audioPlay":false,"sceneViewState":{"m_AlwaysRefresh":false,"showFog":true,"showSkybox":true,"showFlares":true,"showImageEffects":true,"showParticleSystems":true,"showVisualEffectGraphs":true,"m_FxEnabled":true},"in2DMode":false,"pivot":{"x":411.2616271972656,"y":139.95872497558595,"z":-4.089447975158691},"rotation":{"x":0.22310569882392884,"y":-0.0029243980534374716,"z":0.0006693655159324408,"w":0.9747914671897888},"size":238.47976684570313,"orthographic":false}